customer_id,customer_name,email,registration_date,customer_type
1,Sharon Cruz,stephaniesullivan@example.net,2026-04-16,REGULAR
2,Jose Harrington,jcox@example.com,2023-10-30,REGULAR
3,Matthew Mcdonald,jwalker@example.com,2025-05-22,REGULAR
4,Dr. William Bean,paul73@example.net,2022-03-27,REGULAR
5,Ashley Livingston,nancy97@example.com,2023-03-25,REGULAR
6,Amanda Perez,williamserrano@example.com,2022-12-04,REGULAR
8,Kendra Sutton MD,ashleyhouse@example.com,2021-07-12,REGULAR
9,Charles Oliver,johnharrison@example.com,2022-10-16,REGULAR
10,Holly Russo,vmartin@example.net,2022-10-28,PREMIUM
11,David Greene,dale49@example.org,2024-02-26,REGULAR
12,Peter Gonzalez,daniellee@example.org,2022-08-05,REGULAR
13,Scott Mcpherson,amberbyrd@example.org,2025-10-17,REGULAR
14,Zachary Vance,ologan@example.com,2025-08-23,REGULAR
15,Meredith White,jonesderrick@example.net,2025-06-26,REGULAR
16,Carl Moyer,pricemichelle@example.org,2024-07-30,REGULAR
17,James Walter,iwilliams@example.org,2023-05-18,VIP
18,Ryan Stuart,ronald62@example.net,2025-02-28,REGULAR
19,Mark Hansen,fgordon@example.org,2023-12-12,PREMIUM
20,Rebecca Williams,heather15@example.org,2026-04-06,REGULAR
21,Lauren Warner,brownjocelyn@example.net,2026-01-29,REGULAR
22,James Carey,jjefferson@example.net,2025-01-08,VIP
23,Douglas Hall,andrea15@example.com,2026-05-29,PREMIUM
24,Todd Brooks,xphillips@example.net,2021-11-25,REGULAR
25,Sherri West,nicolasspencer@example.net,2024-09-14,REGULAR
26,Frederick Cole,matthewevans@example.com,2022-12-06,REGULAR
27,Kevin Watson,phawkins@example.net,2023-10-04,REGULAR
28,Karen Davis,hvillanueva@example.net,2022-11-01,REGULAR
29,Jay Mcdaniel,kcrosby@example.net,2024-06-04,REGULAR
30,Alexander Jones,kjacobson@example.com,2025-12-25,REGULAR
31,David Davis,deborahmendoza@example.net,2023-11-18,REGULAR
32,Patrick Smith,amanda15@example.net,2021-11-27,REGULAR
33,Sarah Richardson,vthompson@example.net,2024-10-03,REGULAR
34,Joshua Nelson,cherylflores@example.net,2025-02-18,PREMIUM
35,Christina Morton,brian00@example.net,2024-05-24,REGULAR
36,Rebecca Holmes,matthewwheeler@example.net,2024-09-09,REGULAR
37,Jennifer Pham,jeffreyevans@example.com,2023-01-24,REGULAR
38,Gary Randall,mark53@example.org,2025-09-26,PREMIUM
39,Samuel Murphy,sandradelacruz@example.net,2024-09-01,REGULAR
40,Joann Smith,miranda94@example.com,2026-04-28,PREMIUM
41,Mary Garrett,rogerslogan@example.net,2024-03-07,PREMIUM
42,Linda Moody,tracey20@example.com,2025-10-20,REGULAR
43,Paul Adams,rodriguezdana@example.org,2026-07-08,VIP
44,Stacy Harris MD,michele60@example.com,2023-02-06,REGULAR
45,Gabriel Mcknight,mitchelllaura@example.org,2025-10-13,PREMIUM
46,Charles Cabrera,anthonyjohnson@example.com,2026-04-21,REGULAR
47,Monica Camacho,thorntonanthony@example.net,2024-04-25,REGULAR
48,Michael Price,mitchelllisa@example.org,2026-04-11,REGULAR
49,William Rodriguez,juliefarmer@example.net,2024-11-23,REGULAR
50,Erin Murillo,williamspamela@example.com,2024-07-07,VIP
51,Heidi Rosales,donald90@example.net,2021-11-26,REGULAR
52,Kara Hernandez,sellerspamela@example.org,2025-09-08,PREMIUM
53,Charles Murillo,christopher17@example.org,2022-12-08,REGULAR
54,James Bailey,kgarcia@example.net,2022-06-26,REGULAR
56,Malik Lam,wellsmichael@example.net,2024-11-01,REGULAR
57,Kevin Edwards,christina04@example.net,2023-09-05,VIP
58,Katrina Rubio,kharris@example.com,2025-08-17,REGULAR
59,Cory Russell,pporter@example.org,2021-08-17,REGULAR
60,Timothy Anderson,glenn83@example.com,2023-04-06,PREMIUM
61,John Gonzales,mark21@example.org,2024-10-25,PREMIUM
62,Ashley Hill,gbarton@example.org,2024-08-19,REGULAR
63,Tonya Little,christina23@example.net,2026-04-25,REGULAR
64,Brian Ward,edonovan@example.org,2022-09-07,PREMIUM
65,Gregory Williams,glenn59@example.org,2023-05-20,REGULAR
66,Benjamin Young,zgriffin@example.com,2024-02-10,PREMIUM
67,Karen Jimenez,lindahowell@example.org,2023-01-31,REGULAR
68,Nicholas Johnson,josephwalker@example.org,2023-03-20,REGULAR
69,Ashley Craig,thompsonwilliam@example.net,2021-09-12,PREMIUM
70,Brooke Nolan,brentwilson@example.org,2024-12-23,REGULAR
71,Daniel Ellis,mariahperez@example.net,2023-08-26,REGULAR
72,Scott Pittman,gonzalezkathleen@example.org,2024-04-09,REGULAR
73,Makayla Jarvis,daniellepennington@example.com,2026-03-27,REGULAR
74,Lisa Mendoza,summermatthews@example.net,2023-07-23,REGULAR
75,Matthew Larsen,frederick25@example.org,2023-12-05,VIP
76,Emma Moreno,kristen90@example.net,2026-05-22,REGULAR
77,Dr. Morgan Johnson MD,alanfranklin@example.net,2024-10-21,REGULAR
78,Leslie Miles,kevinsanders@example.com,2026-01-19,REGULAR
79,Stephen Gallagher,jenningscarl@example.org,2022-06-25,REGULAR
80,Frederick Thompson,arose@example.org,2023-02-01,REGULAR
81,Kristin Willis,ncastillo@example.com,2021-11-10,REGULAR
82,Stephen Marquez,michael60@example.com,2026-07-09,PREMIUM
83,Rodney Willis,jjones@example.net,2023-02-19,REGULAR
84,Joseph Peterson,marvin75@example.org,2026-03-03,REGULAR
85,Gary Lawrence,delgadojamie@example.net,2022-09-18,VIP
86,Kimberly Turner,ralphgonzalez@example.net,2026-06-07,REGULAR
87,Steven Mahoney,rebecca29@example.net,2023-09-10,PREMIUM
88,Joshua Carey,jennifer02@example.com,2024-01-21,REGULAR
89,Kevin Cooper,vegachristopher@example.com,2024-11-01,REGULAR
90,Haley Braun,pwatson@example.com,2023-09-27,PREMIUM
91,Amber Byrd,gouldjustin@example.net,2022-02-14,VIP
92,Bryan Moore,victoriaboyd@example.com,2024-11-07,REGULAR
93,Linda Johnston,jennifer02@example.org,2025-11-10,PREMIUM
94,David Dixon,hernandezchristopher@example.org,2022-03-06,REGULAR
95,Michelle Bird,regina99@example.org,2021-10-30,REGULAR
96,Mallory Curtis,desiree07@example.org,2022-10-30,REGULAR
97,Kelly Pratt,valeriethompson@example.org,2023-07-09,REGULAR
98,Dorothy Garza,jessica33@example.com,2023-05-27,REGULAR
99,Steven Jones,lauranovak@example.net,2021-10-28,VIP
100,Jessica Ramirez,gary65@example.org,2023-09-09,VIP
101,Susan Hunt,megan06@example.com,2025-04-22,PREMIUM
102,Charles Smith,baileysarah@example.org,2021-11-12,REGULAR
103,Cassandra Payne,fdavis@example.org,2023-08-06,REGULAR
104,Krista Williams,cisnerosthomas@example.com,2022-05-21,REGULAR
105,Christopher Wood,iwright@example.org,2021-10-22,REGULAR
106,Robert Mcfarland,joshuapatterson@example.org,2024-11-01,REGULAR
107,Anna Massey,macdonaldstephanie@example.org,2025-09-02,VIP
108,Catherine Bowers,lyonsalicia@example.net,2022-06-03,REGULAR
109,Tara Cole,raysmith@example.com,2022-01-09,REGULAR
110,Kevin Morris,jamesblackburn@example.net,2023-03-08,VIP
111,Melissa Floyd,aaron21@example.net,2024-10-31,REGULAR
112,Steven Cox,delgadobrian@example.org,2023-07-29,REGULAR
113,Matthew Elliott,isanders@example.org,2021-09-07,REGULAR
114,Chase Garcia,loganmichael@example.org,2025-11-28,REGULAR
115,Henry Lawrence,bryanjones@example.org,2024-03-25,REGULAR
116,Tonya Garrison,yscott@example.org,2023-10-05,REGULAR
117,John West,lidominique@example.net,2022-03-31,REGULAR
118,Carolyn Webb,ashley55@example.org,2025-08-23,PREMIUM
119,Maria Schultz MD,qglenn@example.net,2023-07-17,REGULAR
120,Christopher Humphrey,daniel54@example.net,2022-05-25,REGULAR
121,Larry Blankenship,oharrison@example.com,2022-03-15,REGULAR
122,Kristi Fletcher,ojohnson@example.org,2024-06-03,REGULAR
123,Alexandra Wright,bgonzalez@example.net,2025-03-05,REGULAR
124,Robin Lopez,alee@example.net,2022-05-21,REGULAR
125,Jason Carlson,robertgarcia@example.org,2024-12-01,REGULAR
126,Barbara Harris,guerrerocharles@example.org,2022-02-02,REGULAR
127,Sheila Stone,patricialutz@example.net,2025-12-15,VIP
128,Alicia Sanford,udouglas@example.com,2021-11-12,REGULAR
129,Sharon Summers,melendezcharles@example.com,2023-12-16,REGULAR
130,Laura Molina,nicole20@example.net,2022-04-23,PREMIUM
131,Samantha Lynch,reedseth@example.org,2024-09-25,REGULAR
132,Sandra Farrell,amberlowery@example.net,2022-03-13,PREMIUM
133,Kimberly Frost,adamharris@example.net,2022-08-15,REGULAR
134,Valerie Decker,thomas28@example.org,2024-09-16,REGULAR
136,Sandra Todd,xmccarty@example.org,2022-11-29,VIP
137,Joshua Velez,ronaldleonard@example.org,2022-02-26,REGULAR
138,Carl Ortiz,jamesbarker@example.net,2023-07-25,REGULAR
139,Phillip Rice,boltonnicolas@example.org,2026-06-02,REGULAR
140,Kathleen Joyce,brandtmarissa@example.org,2021-10-08,REGULAR
141,Michelle Davidson,jean80@example.com,2025-04-28,REGULAR
142,Dalton Klein,bradleycarroll@example.net,2026-01-12,VIP
143,Denise Robertson,michael98@example.org,2022-01-29,REGULAR
144,Daniel Copeland,andersonjustin@example.net,2025-05-23,REGULAR
146,Melanie Herman,philipvega@example.org,2023-02-04,PREMIUM
147,Rachel Stanton,tdiaz@example.net,2025-01-02,REGULAR
149,David Blair,lisaali@example.net,2021-07-16,REGULAR
150,Nicholas Ortiz,cporter@example.net,2024-01-07,REGULAR
151,Gregory Mcmillan,david22@example.org,2021-11-20,REGULAR
152,Kristin Alvarez,xlarson@example.com,2025-06-10,REGULAR
153,Brooke Gregory,carolineward@example.com,2022-05-01,VIP
154,Bradley Wilkinson,ulynn@example.net,2025-06-07,REGULAR
155,Amanda Moore,spencermegan@example.net,2022-01-01,REGULAR
156,Patricia Williams,david94@example.org,2021-10-27,REGULAR
157,Julie Freeman,michaelvalenzuela@example.org,2025-05-18,VIP
158,Jessica Ross,tara63@example.com,2026-03-29,VIP
159,Shannon Lawrence,cnguyen@example.org,2025-01-01,REGULAR
160,Daniel Smith,dillonjavier@example.net,2023-07-21,REGULAR
161,John Gaines,randerson@example.org,2023-06-01,REGULAR
162,Brooke Wise,teresawelch@example.com,2023-09-02,PREMIUM
163,Jasmine Morales,marvin47@example.org,2026-01-08,REGULAR
164,Erika French,alexandra92@example.com,2023-03-20,REGULAR
165,Kristen Richards,floresjohn@example.net,2026-07-01,PREMIUM
166,Andrea Manning,greendavid@example.org,2023-10-21,REGULAR
167,Michele Ellis,hoffmanshaun@example.org,2024-05-19,REGULAR
168,Stacy Hebert,erikarichard@example.org,2021-08-17,REGULAR
169,Ryan Gardner,durantimothy@example.org,2024-01-03,PREMIUM
170,Rachel Franklin,xbrown@example.org,2026-06-17,REGULAR
171,Miguel Beck,russellli@example.org,2025-05-28,REGULAR
172,Tiffany Grimes,sierraskinner@example.com,2024-08-16,PREMIUM
173,Shannon Walker,curtis41@example.com,2022-01-30,REGULAR
174,Miranda Miller,wrice@example.org,2024-09-19,PREMIUM
175,Tony King,patrickvelez@example.org,2021-11-04,REGULAR
176,Jessica Elliott,ashleeruiz@example.org,2026-02-09,REGULAR
177,Michelle Mack,whampton@example.com,2021-12-31,VIP
178,Kayla Smith,jon53@example.org,2022-11-17,REGULAR
179,Tiffany Warner,davisscott@example.net,2024-10-14,PREMIUM
180,Sonya Sparks,lmarshall@example.com,2025-03-27,VIP
181,Samantha Gray,jharris@example.net,2025-06-01,PREMIUM
182,Veronica Erickson,douglasbates@example.com,2022-03-31,REGULAR
183,Andrew Berry,romerojacqueline@example.org,2023-02-11,REGULAR
184,Kenneth Santos,anna87@example.org,2024-04-24,REGULAR
185,Daniel Richardson,margaret72@example.org,2021-10-12,PREMIUM
186,Kendra Bernard,xdalton@example.com,2026-04-20,REGULAR
187,Kenneth Wilson,michelle42@example.com,2024-04-17,VIP
188,John Ochoa,lynndaniel@example.net,2022-10-17,REGULAR
189,Mrs. Nancy Bass,omolina@example.net,2025-11-04,VIP
190,Jessica Mcmahon,jessicawilliams@example.org,2025-08-10,REGULAR
191,Darryl Miller,xfranklin@example.com,2021-12-15,REGULAR
192,Amanda Anderson,wbishop@example.com,2022-04-20,REGULAR
193,Zachary Johnson,flemingmichael@example.org,2021-08-17,REGULAR
194,James Roberts,wardmike@example.com,2026-06-22,REGULAR
195,Kayla Fisher,eduardo23@example.org,2026-06-22,REGULAR
196,Brenda Phillips,elizabethgriffin@example.org,2025-10-24,REGULAR
197,Anthony Crawford,stanley63@example.com,2026-06-05,PREMIUM
198,Kelly Alvarez,martinezricky@example.org,2022-03-02,REGULAR
199,Dr. Thomas Peterson MD,james81@example.org,2023-11-03,REGULAR
200,James Haynes,thaynes@example.org,2023-08-21,PREMIUM
201,Jean Jones,ewagner@example.net,2023-07-08,PREMIUM
202,Eric Clark,tatejames@example.com,2024-01-13,REGULAR
203,Jared Allen,jessicazamora@example.net,2023-07-28,REGULAR
204,Oscar Hunter,torresjacqueline@example.org,2026-05-13,VIP
205,Tammy Young,kwells@example.com,2022-12-21,REGULAR
206,Ryan Harris,katherine31@example.org,2023-09-12,REGULAR
207,Joseph Gardner,ubarr@example.net,2022-10-02,VIP
208,Michael Moore,lobrien@example.net,2024-05-11,PREMIUM
209,Devin Massey,mrodriguez@example.com,2026-02-07,PREMIUM
210,Andrew Curry,christopher93@example.com,2023-06-15,PREMIUM
211,Aaron Frazier,danielle26@example.com,2024-01-25,REGULAR
212,Jody Thomas,stevenmurphy@example.org,2024-01-11,REGULAR
213,Donna Wilson,qjames@example.com,2023-06-21,PREMIUM
214,Stephanie Russell,jason64@example.org,2024-10-13,PREMIUM
215,Diane Burke,kevinmontes@example.org,2023-03-01,PREMIUM
216,Arthur Lawrence,jacobholland@example.net,2024-12-25,REGULAR
217,Michael Price,phillipsdonna@example.org,2021-10-12,VIP
218,Joanna Hall,tsmith@example.org,2023-04-28,REGULAR
219,Hailey Lopez,gbaker@example.com,2022-12-15,REGULAR
220,Robert Miller,rhonda54@example.com,2023-12-24,REGULAR
221,David Walker,nelsonshannon@example.com,2025-11-18,REGULAR
222,Douglas Ruiz,meltongina@example.com,2022-05-01,PREMIUM
223,James Rose,randynavarro@example.com,2022-01-25,VIP
224,Brian Summers,joann37@example.com,2021-12-21,REGULAR
225,Julie Short,glowery@example.org,2022-03-22,REGULAR
226,Laura Jensen,kimberly34@example.com,2022-08-05,PREMIUM
227,Crystal Kent,robinsonkimberly@example.org,2023-10-01,PREMIUM
228,Keith Christensen,jeremyrichards@example.com,2025-07-05,REGULAR
229,Charles Miller DDS,pameladavis@example.net,2024-01-31,PREMIUM
230,Michelle Johnson,jasonjenkins@example.com,2022-07-26,REGULAR
231,Ronald Scott,christopherburns@example.net,2024-07-28,REGULAR
232,John Johnson,sydney36@example.org,2026-03-24,REGULAR
233,Shelly Frederick,hmartin@example.com,2021-10-04,REGULAR
234,Cassandra Davis,kellymaddox@example.com,2025-08-10,REGULAR
235,Alexis Jensen,charles14@example.com,2025-11-14,REGULAR
236,Andrew Malone,kent22@example.net,2022-12-02,REGULAR
237,Daniel Mccoy,kyle22@example.net,2024-01-03,VIP
240,Peter Smith,xpratt@example.org,2022-01-09,PREMIUM
241,Robert Jacobs,dawnbishop@example.com,2023-05-06,REGULAR
242,Donald Rice,michaelmoran@example.com,2024-11-13,PREMIUM
243,Crystal Horton,calebbartlett@example.org,2022-04-04,REGULAR
244,Steven Smith,oflowers@example.org,2024-09-22,REGULAR
245,Bradley Kirk,smithvernon@example.com,2021-07-31,REGULAR
246,Sean Hunter,zpage@example.net,2026-03-13,PREMIUM
247,Gina Moore,yclark@example.net,2023-11-02,VIP
248,Steven Randolph,crowe@example.com,2025-12-02,REGULAR
249,Christine Oneal,jspears@example.org,2024-09-11,REGULAR
250,Victor Johnston,adambenjamin@example.org,2021-12-29,REGULAR
251,Paul Byrd,ana92@example.com,2024-08-22,PREMIUM
252,Keith Austin,blackdanielle@example.com,2024-03-18,REGULAR
253,Timothy Miller,hudsonshelley@example.com,2026-03-24,REGULAR
254,Calvin Jones,drodriguez@example.net,2024-07-29,PREMIUM
255,Louis Vasquez,stevenbrooks@example.net,2024-04-15,VIP
256,Laura Dixon,xle@example.org,2022-12-04,PREMIUM
257,Michael Olson,mooreleslie@example.com,2025-07-08,PREMIUM
258,Christina Arnold,brian51@example.com,2026-06-23,VIP
259,Vanessa Greer,kyleclark@example.com,2023-03-01,REGULAR
260,Samantha Tanner,dylanthomas@example.com,2024-01-16,REGULAR
261,Cynthia Rose,nbaker@example.org,2024-01-02,REGULAR
262,Rebecca Martinez,bradybenjamin@example.net,2026-06-29,REGULAR
263,Leslie Brown,kellynicole@example.org,2022-05-03,REGULAR
264,Danielle Green,laurenedwards@example.org,2024-02-15,VIP
265,Alison Owens,angela43@example.org,2023-06-18,REGULAR
266,Paul Jones,pamelastephens@example.com,2022-08-13,REGULAR
267,Peter Huff,bartonjuan@example.com,2025-05-17,PREMIUM
268,Tony Harper,joelwatson@example.org,2024-07-07,REGULAR
269,Patrick Ellis,alexisgross@example.net,2024-12-14,REGULAR
270,Michael Perez,alyssamorgan@example.net,2022-12-22,REGULAR
271,William Barrera,kimberlyhurst@example.org,2022-01-13,REGULAR
272,William Moore,dawnbaird@example.net,2023-03-31,REGULAR
273,Raymond Hodge,haneyrobert@example.org,2021-08-09,PREMIUM
274,Autumn Lynn,amy02@example.com,2023-08-05,REGULAR
275,Haley Smith,richardharris@example.com,2023-07-22,REGULAR
276,Kurt Whitaker,millermichael@example.net,2026-05-26,PREMIUM
277,Henry Turner,tmcguire@example.com,2025-08-18,REGULAR
278,Patrick Brown,jason13@example.org,2022-11-17,REGULAR
279,Emily Wallace,johnmendez@example.org,2022-02-14,REGULAR
281,Melissa Hall,alan78@example.com,2023-05-09,VIP
282,Samuel Stein,kiddwayne@example.org,2021-10-25,PREMIUM
283,Thomas Lopez,whitewilliam@example.com,2022-01-31,REGULAR
284,Eric Dorsey,markprice@example.com,2022-12-18,VIP
285,Barbara Hood,zjames@example.org,2024-12-14,PREMIUM
286,Pamela Shaw,veronicastevens@example.net,2021-10-28,REGULAR
287,Travis Jones,dgardner@example.com,2023-06-12,PREMIUM
288,Jose Evans,gibsoncarol@example.org,2022-08-29,PREMIUM
289,Stephen Miller Jr.,ashleycarter@example.net,2026-05-01,REGULAR
290,Mark Nguyen,smithkevin@example.net,2023-12-07,REGULAR
291,Kenneth Walker,kristi18@example.org,2023-11-14,REGULAR
292,Bryan Mitchell Jr.,taylor43@example.org,2025-11-03,REGULAR
293,Kevin Hughes,amy49@example.org,2021-07-20,REGULAR
294,Ryan Adams,drosales@example.net,2025-07-04,PREMIUM
295,Briana Payne,zjones@example.org,2024-12-02,PREMIUM
296,Cathy Evans,aadkins@example.com,2022-04-14,REGULAR
298,Ralph Little,williamsjulie@example.org,2022-02-11,REGULAR
299,Amy Nicholson,romerotyler@example.org,2024-01-20,REGULAR
300,Matthew Franklin,chaneymark@example.net,2023-06-19,REGULAR
301,Joshua Cobb,travisturner@example.com,2026-05-30,REGULAR
302,Mark Miller,megan55@example.net,2024-08-01,REGULAR
303,Lori Thompson,graymichael@example.org,2022-03-20,REGULAR
304,Samuel Hill,arellanojennifer@example.com,2021-10-06,REGULAR
305,Monica Green,jdiaz@example.org,2025-01-30,PREMIUM
306,Sandra Harris,paul99@example.com,2022-07-21,PREMIUM
307,Rebecca Wong,wanda86@example.net,2022-09-27,REGULAR
308,Cody Lang,chartman@example.com,2023-02-11,REGULAR
309,Dennis Jackson,justin95@example.com,2025-10-10,REGULAR
310,Sandra Becker,jonesshannon@example.com,2021-11-02,REGULAR
311,Keith Vance,joy94@example.org,2024-08-27,REGULAR
312,Brian Vance,scott83@example.org,2022-11-15,VIP
313,Ryan Norris,sara74@example.net,2023-12-13,REGULAR
314,Ryan Madden,wesley75@example.org,2024-12-10,REGULAR
315,Jesse Smith,lisawilliams@example.net,2022-03-25,REGULAR
317,Kevin Smith,andrea28@example.org,2021-10-08,REGULAR
318,Robert Davies,bcooley@example.org,2026-05-10,VIP
319,Michele Morrow,qturner@example.com,2022-03-20,PREMIUM
320,Joyce Sullivan,turnerlaurie@example.net,2024-02-18,REGULAR
321,Keith Burke,maryreeves@example.com,2021-12-24,REGULAR
322,Jennifer Watts,jimenezmary@example.com,2022-02-12,VIP
323,James Kelly,jennifer78@example.net,2022-06-05,PREMIUM
324,Linda Stevens,hendersonbrian@example.net,2023-10-08,REGULAR
325,Nicholas Watkins,irobinson@example.net,2022-01-13,REGULAR
326,James Sandoval,webblauren@example.org,2023-05-04,REGULAR
327,Micheal Hodge,emoss@example.net,2021-10-19,VIP
328,Sarah Alvarez MD,phillipssusan@example.net,2024-07-02,REGULAR
329,Rhonda Garcia,jennifermccoy@example.com,2024-06-13,REGULAR
330,Helen Hernandez,charlesthornton@example.com,2022-10-16,REGULAR
331,Corey Phillips,brianstephens@example.com,2024-08-11,REGULAR
332,Marilyn Brandt,walkeralicia@example.com,2024-09-06,REGULAR
333,Curtis Sanchez,sevans@example.net,2022-02-15,REGULAR
334,Valerie Griffin,moralessharon@example.com,2025-05-15,REGULAR
335,Tammy Christian,taylortammy@example.net,2026-05-26,REGULAR
336,Janet Schwartz,burtonsteven@example.net,2023-07-21,REGULAR
337,Billy Campbell,hannahlewis@example.com,2022-10-26,REGULAR
338,Lindsey Johns,hmoore@example.com,2023-11-02,REGULAR
339,Mary Prince,pgriffin@example.com,2026-06-30,REGULAR
340,Corey Sloan,yhunt@example.net,2021-08-15,REGULAR
341,Douglas Hunt,pbrown@example.net,2026-02-16,REGULAR
342,Deborah Sharp,ocraig@example.org,2025-06-28,PREMIUM
343,Carrie Andrews,hortonbrittany@example.org,2024-01-18,REGULAR
344,William Edwards,huntershawna@example.net,2026-03-15,PREMIUM
345,Brooke Hebert,ialvarez@example.com,2023-11-16,PREMIUM
346,Henry Ross,rosemichael@example.org,2023-10-14,REGULAR
347,Benjamin Martin,robertrogers@example.org,2023-12-19,REGULAR
348,Kendra Walker,amanda04@example.net,2025-05-10,REGULAR
349,Kevin Booth DDS,timothyhill@example.org,2025-01-29,PREMIUM
350,Kimberly Wilkinson,ylamb@example.com,2025-04-27,PREMIUM
351,Benjamin Meyer,deancassandra@example.com,2022-03-02,REGULAR
352,Adam Moore,ejohnson@example.net,2026-06-03,REGULAR
353,Andrew Odom,nelsonmarie@example.net,2024-07-25,REGULAR
354,Christopher Blevins,mary37@example.org,2024-02-16,REGULAR
355,Allison Campos,bfisher@example.com,2024-08-29,PREMIUM
356,Mrs. Janet Herring,timothy43@example.com,2024-12-27,REGULAR
358,Jessica Marshall,riveratravis@example.com,2023-02-08,REGULAR
359,Jerry Hernandez,sward@example.org,2023-08-13,VIP
360,Tasha Taylor,erikacrawford@example.com,2022-02-25,REGULAR
361,Holly Wood,nholden@example.com,2023-08-28,PREMIUM
362,Stephen Irwin,stephanieking@example.net,2022-03-03,REGULAR
363,Ana Moss,npowell@example.net,2026-02-22,REGULAR
364,Katie Cooper,jamesreed@example.net,2024-10-10,REGULAR
365,Deborah Potts,riveraleah@example.com,2024-05-12,REGULAR
366,Maurice Lozano,karidavis@example.net,2022-01-13,REGULAR
367,Richard Miller,mallen@example.org,2024-12-11,PREMIUM
368,Michele Rollins,chadguzman@example.org,2023-11-17,REGULAR
369,Karen Soto,jennifer00@example.net,2023-04-13,VIP
370,Zachary Cowan,richard15@example.net,2025-10-13,REGULAR
371,Duane Morgan II,kathryn78@example.net,2026-03-24,REGULAR
372,Lance Ellis,david53@example.net,2025-04-23,VIP
373,Sheila Gonzalez,carlossimmons@example.org,2021-11-23,REGULAR
374,Heather Kaiser,erinpatton@example.org,2025-07-26,REGULAR
375,Kara Butler,jamie90@example.com,2022-04-08,REGULAR
376,Angela Browning,nhodge@example.net,2025-12-30,REGULAR
377,Jared Lewis,angierodriguez@example.net,2026-04-19,REGULAR
378,Chelsea Cruz,gonzalezkaitlyn@example.net,2025-06-06,REGULAR
379,Richard Turner,bradleyreynolds@example.net,2021-08-27,VIP
380,Timothy Gomez,mlawrence@example.com,2026-01-04,REGULAR
381,Michelle Lam,rwiggins@example.com,2024-10-26,VIP
382,Vanessa Butler,john08@example.com,2023-05-19,REGULAR
383,Brett Brown,joshuacooley@example.com,2021-08-18,REGULAR
384,Lauren Diaz,ycook@example.net,2023-05-27,REGULAR
385,Cynthia Morgan,coxemma@example.net,2025-08-22,VIP
386,Brenda Garcia,denise89@example.net,2025-01-31,REGULAR
387,Jeremy Smith,williamsshelley@example.org,2022-09-19,REGULAR
388,Angela Mcintyre,palmermarie@example.org,2023-06-09,REGULAR
389,Cynthia Cobb,wwallace@example.com,2023-03-23,PREMIUM
390,Jose Owens,corey95@example.net,2021-07-15,REGULAR
391,Sonia Smith,pearsondonna@example.net,2023-07-25,REGULAR
392,Tamara Moody,hramos@example.com,2023-11-11,REGULAR
393,Michelle Taylor,brownshawn@example.com,2023-05-12,PREMIUM
394,Bryan Carter,victor36@example.com,2023-02-05,PREMIUM
395,Mark Cole,tammy99@example.com,2021-11-29,VIP
396,Amanda Zamora,jasontodd@example.com,2025-08-06,PREMIUM
397,Andre Torres,twarren@example.net,2023-04-07,REGULAR
398,Douglas Rodriguez,foxjohn@example.org,2023-05-07,VIP
399,Adam Brown,zacharycurry@example.com,2022-10-30,REGULAR
400,Jeffrey Walker,philipjefferson@example.net,2026-06-02,REGULAR
401,Alex Evans,jamesmoore@example.net,2026-04-07,REGULAR
402,Jesus Clark,psparks@example.net,2021-09-03,REGULAR
403,Andrew Spencer,jenkinsthomas@example.net,2021-08-04,REGULAR
404,Robert York,crystalhansen@example.net,2025-11-13,REGULAR
405,Nathaniel Carter,teresa42@example.org,2024-10-18,REGULAR
406,Rachel Nguyen,aguirrepaul@example.net,2024-02-15,PREMIUM
407,David Reynolds,tholland@example.com,2024-10-30,REGULAR
408,James Vincent,elizabeth81@example.com,2024-04-14,PREMIUM
409,Darrell Gaines Jr.,thomasthomas@example.net,2023-04-22,REGULAR
410,Ethan Gates,kelsey96@example.com,2022-02-24,REGULAR
411,Vanessa Thomas,escobarmarc@example.org,2023-10-21,PREMIUM
412,Bradley Collins,savagedanny@example.com,2026-02-13,REGULAR
413,Linda Morrison,lisaperry@example.org,2021-08-06,REGULAR
414,Dana Hill,bgilbert@example.org,2024-10-14,REGULAR
415,Mark Howard,pamelalee@example.org,2025-06-30,REGULAR
416,Harold Willis,michaelbryant@example.net,2024-06-12,VIP
417,Robert Daniels,cjackson@example.com,2022-05-30,REGULAR
418,Thomas Johnson,hendricksmelinda@example.net,2024-03-25,PREMIUM
419,Dustin Ross,albert10@example.org,2024-01-24,PREMIUM
420,Cathy Morgan,morrowdavid@example.com,2022-06-04,REGULAR
421,Misty Harrell,rsaunders@example.com,2023-03-11,PREMIUM
422,Judith Hale,tnicholson@example.com,2022-05-30,REGULAR
423,Ruth Wilson,gregory64@example.org,2023-02-04,REGULAR
424,George Dickson,molly62@example.net,2023-09-10,VIP
425,Maria Lowe,nicholas84@example.org,2024-07-15,REGULAR
426,Brett Benjamin,meghan54@example.net,2023-07-13,REGULAR
427,Michael Mcgee,zcase@example.org,2025-06-25,REGULAR
428,Charles Martin,markmendez@example.net,2022-04-17,VIP
429,Adam Jackson,marklogan@example.org,2024-12-18,PREMIUM
430,Tina Stone,fbauer@example.org,2025-06-10,REGULAR
431,Matthew Gonzales,matthew50@example.com,2024-05-14,REGULAR
432,Cheryl Owen,greenjoshua@example.net,2026-01-06,PREMIUM
433,Tyler Lamb,watsonkristin@example.org,2023-04-18,REGULAR
434,Renee Wells,nancydavis@example.org,2022-12-15,REGULAR
435,Erica Silva,michele40@example.net,2024-04-25,VIP
436,Justin Alexander,msmith@example.com,2024-04-28,REGULAR
437,Phillip Greene,zkelly@example.net,2024-04-17,REGULAR
439,Eric Harris,yholmes@example.com,2024-08-07,REGULAR
440,Dustin Estrada,anthony99@example.org,2023-02-23,REGULAR
441,Maria Jones,richardsonandrea@example.com,2021-09-21,REGULAR
442,Chad Wright,tthomas@example.net,2023-12-04,REGULAR
443,Steven Jimenez,tjohnson@example.org,2023-09-30,REGULAR
444,Jenny Roach,kristincalhoun@example.net,2025-06-19,REGULAR
445,Pamela Ramos,david01@example.net,2024-10-15,REGULAR
446,Eric Rodriguez,kevinfranco@example.net,2025-01-21,VIP
447,Scott Smith,kwhitehead@example.net,2025-06-10,VIP
448,Susan Mann,jacksondavid@example.net,2023-06-06,REGULAR
449,Mary Thompson,bstone@example.org,2022-07-21,REGULAR
450,Jesse King,xreynolds@example.org,2023-09-01,REGULAR
451,Jennifer Garcia,jeffrey43@example.com,2024-11-19,REGULAR
452,Edward Garcia,hunterwayne@example.com,2023-02-04,REGULAR
453,Barbara Juarez,patricksparks@example.com,2025-08-10,REGULAR
454,Thomas Newman,ldaniels@example.net,2023-07-16,REGULAR
455,Robert Williams,williamdavid@example.org,2024-09-25,REGULAR
456,Joshua Washington,meganriley@example.com,2022-10-23,REGULAR
457,Jenna Stewart,garywilliams@example.net,2024-10-09,REGULAR
458,Daniel Nelson,codyburton@example.com,2024-07-22,REGULAR
459,Aaron Irwin,torreschloe@example.com,2023-11-14,REGULAR
460,Victoria Simpson,kmartinez@example.org,2023-02-01,PREMIUM
461,Christian Dillon,nicole20@example.net,2022-01-27,REGULAR
462,Benjamin Smith,kgarcia@example.org,2022-06-19,REGULAR
463,Kimberly Jackson,obrown@example.com,2024-04-28,REGULAR
464,Stephen Ross,heatherwilliams@example.net,2023-04-24,REGULAR
465,Edward Greer,christopher39@example.org,2021-07-24,PREMIUM
466,Caroline Gonzales,nwebb@example.com,2022-12-11,PREMIUM
467,Monica Baker,alfred05@example.net,2024-07-11,PREMIUM
468,Collin Lawrence,schneidermary@example.net,2024-08-27,REGULAR
469,Mrs. Laurie Francis,brianahenderson@example.org,2023-05-03,VIP
470,William Schultz,kylebooth@example.com,2025-03-12,VIP
471,Heather Fritz,rowens@example.org,2025-06-12,PREMIUM
472,Tina Sloan,tinajohnson@example.net,2023-09-14,VIP
473,Isaac Guzman,vincentmarcia@example.com,2026-05-16,REGULAR
474,Lisa Smith,crystalalvarado@example.net,2022-11-28,REGULAR
475,Dawn Wheeler,johnsonsteven@example.org,2026-05-19,REGULAR
476,Jeremiah Cole,bjohnson@example.com,2024-04-14,REGULAR
477,Shawn Howell,tara08@example.com,2024-07-08,PREMIUM
478,Antonio Young,hayesmichael@example.net,2025-09-09,REGULAR
479,Sherry Obrien,danielmueller@example.org,2023-06-11,REGULAR
480,John Lawrence,valeriepope@example.net,2025-03-21,REGULAR
481,Rachel Morris,christopher54@example.org,2022-04-26,REGULAR
482,Robert Bennett,flewis@example.com,2025-07-19,PREMIUM
483,Victoria Johnson,richardjohnson@example.com,2022-02-21,REGULAR
484,Dr. Ryan Payne,vbrewer@example.org,2025-05-05,REGULAR
485,Lauren Sandoval,thompsonjames@example.net,2026-06-02,REGULAR
486,Richard Pruitt,pmartin@example.org,2023-01-25,REGULAR
487,Tamara Gregory,colemanjeffery@example.org,2023-01-04,REGULAR
488,Patrick Jimenez,millereric@example.net,2025-07-02,REGULAR
489,Colton Morton,kathleen67@example.net,2024-08-20,VIP
490,Taylor Bryant,christina77@example.net,2023-09-04,PREMIUM
491,Jose Snyder,smithryan@example.com,2023-12-09,REGULAR
492,Gloria Harper,beckerjessica@example.net,2022-04-07,REGULAR
493,Keith Duncan,brandonfrederick@example.org,2021-09-17,VIP
494,James Lucero,mary23@example.org,2022-01-28,REGULAR
495,Joanne Waters,johnthomas@example.org,2022-10-03,VIP
496,Charles Boyle,ruizregina@example.com,2023-11-26,REGULAR
497,Laura Cox,newmanbrenda@example.com,2025-03-26,REGULAR
498,Barry Gonzalez,joel27@example.org,2022-02-21,REGULAR
499,Richard Cooper,kristin45@example.org,2023-10-18,REGULAR
500,Laura Love,jbrooks@example.org,2024-11-03,PREMIUM
501,Brett Ramirez,murphydaniel@example.com,2025-07-02,REGULAR
502,Mrs. Nicole Hubbard,george26@example.net,2023-06-28,REGULAR
504,Christopher French,vdeleon@example.org,2025-05-24,REGULAR
505,Gary Smith,christopher98@example.net,2024-11-14,PREMIUM
506,Edgar Scott,jose25@example.org,2022-09-26,REGULAR
507,Kim Johnson,anthony71@example.org,2025-06-04,REGULAR
508,Christopher Russell,kevin60@example.net,2026-03-28,VIP
510,Randall Glover,angela05@example.org,2022-09-04,PREMIUM
511,Jacob Lee,jeremywilliams@example.net,2026-07-01,PREMIUM
512,Timothy Ramos,hjackson@example.com,2025-11-05,REGULAR
513,Brittany Hull,danielle15@example.org,2022-11-27,REGULAR
515,Michelle Brennan,ramirezeric@example.org,2023-12-04,REGULAR
516,Jody Castro,dicksonrebecca@example.com,2024-05-06,REGULAR
517,Heidi Lewis,aprilrussell@example.com,2022-10-16,REGULAR
518,Erin Russell,martinhardy@example.org,2022-06-19,REGULAR
519,Matthew Sandoval,chapmanronald@example.org,2023-05-18,REGULAR
520,Terry Carey,aliciaharmon@example.com,2022-09-15,PREMIUM
521,Austin Foster,brittany68@example.com,2025-07-19,REGULAR
522,Oscar Knox,alexis59@example.com,2026-02-07,REGULAR
523,Taylor Kelly,ravenclayton@example.com,2022-09-07,REGULAR
524,James Parker,tonya73@example.com,2025-07-27,REGULAR
525,Elizabeth Lopez,wrightcolton@example.net,2025-05-06,REGULAR
526,Tonya Thompson,martinezryan@example.com,2024-09-25,REGULAR
527,Yvonne Thomas,lreilly@example.com,2021-12-17,REGULAR
528,Patrick Johnson,floydwilliam@example.org,2024-08-01,REGULAR
529,James Johnson,perezkenneth@example.net,2021-09-06,VIP
530,Sara Murphy,lawrencejennifer@example.org,2026-02-16,REGULAR
531,Rachel Clark,michelle41@example.org,2023-09-02,REGULAR
532,Maurice Olsen,regina22@example.com,2024-08-09,PREMIUM
533,Jared Harvey,ricejoshua@example.org,2023-07-16,PREMIUM
534,Andrew Beard,benjaminnavarro@example.org,2024-04-28,REGULAR
535,Dylan Paul,nicholas18@example.org,2026-05-05,REGULAR
536,Jeffrey Mathis,maloneedwin@example.com,2024-09-23,REGULAR
537,Curtis Alexander,christopher87@example.org,2026-03-05,REGULAR
538,Keith Burns,lmcdowell@example.org,2022-07-06,REGULAR
539,Trevor Nelson,ronaldjuarez@example.org,2026-02-13,REGULAR
540,Devon Austin,moorejo@example.com,2024-02-10,REGULAR
541,Samantha Davis,kmunoz@example.org,2025-03-07,REGULAR
542,Nathan Gilbert,trantracy@example.net,2023-11-16,PREMIUM
543,Rachel Reed,williamsamanda@example.net,2022-09-19,REGULAR
544,Kristen Anderson,huangrodney@example.net,2023-02-15,REGULAR
545,Alex Woodward,sandy96@example.org,2021-10-16,REGULAR
546,Stephanie Martinez,christinaturner@example.net,2021-12-28,REGULAR
547,Stacy Hernandez,nanderson@example.org,2022-03-15,PREMIUM
548,Laurie Roberts,tom51@example.com,2022-01-27,VIP
549,Karen Hayes,davidnelson@example.com,2024-08-23,REGULAR
550,Lisa Trujillo,grahamdanny@example.org,2024-01-25,REGULAR
551,Jeffrey Franklin,moorelaurie@example.com,2024-11-05,REGULAR
552,Jesus Haas,clinekristen@example.org,2026-07-10,PREMIUM
553,Shannon Johnson DVM,kenneth36@example.net,2021-12-13,PREMIUM
554,John Rosario,kellimartinez@example.com,2023-02-22,PREMIUM
555,Alexandra Delgado,hgreen@example.com,2024-08-01,VIP
556,Melinda Larson,moorekristine@example.com,2023-03-28,REGULAR
557,Christina Ballard,nhiggins@example.net,2025-12-30,REGULAR
558,Brandi Salinas,beanrebekah@example.com,2024-07-29,PREMIUM
559,Daniel Bowman,oliverlauren@example.org,2022-02-12,REGULAR
560,Marissa James,steven68@example.com,2025-11-11,REGULAR
561,Amanda Cox,aguirrejacob@example.com,2023-08-30,REGULAR
562,Joseph Harding,brianajones@example.net,2023-07-07,REGULAR
563,Dr. Shawn Anderson,ldavidson@example.com,2021-12-31,REGULAR
564,Lawrence Perry,david82@example.org,2025-02-09,REGULAR
565,Teresa Ray,hbryant@example.net,2026-01-09,REGULAR
566,Wendy Gardner,amygarcia@example.com,2024-11-21,REGULAR
567,Daniel Landry,lewischristine@example.org,2022-06-25,PREMIUM
568,Ann Weber,fowlerdaniel@example.org,2023-07-21,REGULAR
569,Laura Myers,gibbsrebecca@example.net,2026-07-04,REGULAR
570,Angel Castro,tony88@example.org,2023-08-29,REGULAR
571,Mario Campbell,knightkaitlyn@example.com,2024-02-11,REGULAR
572,Carrie Ramos,brownmarcus@example.com,2025-04-07,REGULAR
573,Casey Logan,vincentgood@example.net,2026-02-23,REGULAR
574,James James,stevensmichael@example.com,2022-09-26,REGULAR
575,Benjamin Levine,gonzalezrichard@example.org,2023-08-13,REGULAR
576,Shelley Morgan,mhines@example.org,2025-02-27,REGULAR
577,Julia Jones,louisreynolds@example.org,2022-05-27,REGULAR
578,Michael Hardy,rivasgeorge@example.com,2021-08-01,REGULAR
580,Amy Carter,harold25@example.net,2021-07-27,PREMIUM
581,Cynthia Ortiz,qsmith@example.com,2023-04-30,REGULAR
582,Victoria Perez,brentsanders@example.net,2023-05-30,REGULAR
583,Penny Barnes,fjohnson@example.com,2024-12-31,REGULAR
584,Lauren Delacruz,qcobb@example.com,2024-04-26,REGULAR
585,Amanda Donovan,kingjames@example.net,2023-07-11,REGULAR
586,Kimberly Warren,kimberly65@example.com,2024-02-17,PREMIUM
587,Tammy Reyes,aaron78@example.com,2024-10-08,REGULAR
588,Melinda Nunez,zacharybrown@example.org,2026-01-28,REGULAR
589,Samantha Barrera,okim@example.com,2024-08-07,REGULAR
590,Tiffany Browning,amystewart@example.com,2025-07-23,REGULAR
591,Stephanie Cooper,xduncan@example.com,2024-07-01,VIP
592,Emily Singh,sullivanalan@example.org,2023-04-19,VIP
593,Samantha Davis,coopertravis@example.com,2022-10-30,REGULAR
594,Jennifer Preston,smithholly@example.net,2022-06-11,REGULAR
595,Joshua Gallagher,dalewoods@example.net,2021-11-14,REGULAR
596,Charles Lewis,kennethbowman@example.com,2023-09-26,REGULAR
597,Michael Brown,saralindsey@example.org,2023-09-10,PREMIUM
598,Jessica Williams,fbriggs@example.org,2023-08-13,PREMIUM
599,Nicholas Hernandez,cguerra@example.com,2022-08-14,REGULAR
600,Dr. Eric Hill DVM,austin65@example.com,2024-05-25,REGULAR
601,Michael Cortez,efreeman@example.net,2021-07-16,REGULAR
602,Stephanie Young,tavila@example.net,2024-03-31,REGULAR
603,Natalie Smith,rachelwilliams@example.org,2026-03-31,REGULAR
604,Ian Dixon,cody13@example.net,2023-10-26,REGULAR
605,Casey Scott,stevensgina@example.org,2026-06-01,PREMIUM
606,Samantha Kim,jjones@example.com,2025-05-05,VIP
607,Nicole Swanson,alexandermiller@example.org,2024-02-17,REGULAR
608,Joseph Kelly,amymorse@example.org,2022-02-06,REGULAR
609,Jean Sullivan,omorales@example.com,2026-06-18,PREMIUM
610,Andrea Hampton,qmartinez@example.com,2024-05-06,VIP
611,Jennifer Harris,william98@example.org,2025-06-01,VIP
612,Michael Mendez,laura83@example.org,2023-11-05,REGULAR
613,Corey Peterson,klane@example.org,2024-03-09,REGULAR
614,Mary Kim,mendezsamantha@example.net,2024-08-30,REGULAR
615,Mrs. Valerie Woods MD,brittney98@example.com,2021-07-16,REGULAR
616,Patricia Sullivan,michael50@example.org,2022-04-09,REGULAR
617,Ashley Mata,tpatrick@example.org,2022-05-10,REGULAR
618,Jamie Foster,anthonypatterson@example.com,2023-06-28,VIP
619,Jessica Daniels,reynoldsleonard@example.org,2022-04-18,REGULAR
620,Adam Huang,bkelly@example.org,2023-02-04,REGULAR
621,Carolyn Harding,tclark@example.org,2026-01-01,PREMIUM
622,Joseph Nichols,michaellamb@example.com,2021-10-21,VIP
623,Ralph Walker,coxroger@example.org,2024-03-22,REGULAR
624,Heather Chang,xfisher@example.com,2025-07-23,REGULAR
625,Rachel Holden,jennifer71@example.com,2024-03-26,REGULAR
626,Dylan Bird,frodriguez@example.com,2025-05-31,PREMIUM
627,Pamela Leonard,jasonhunter@example.org,2022-08-24,REGULAR
628,Derek Wiggins,vincenthelen@example.org,2022-09-28,REGULAR
629,Robert Harrington,landrymark@example.com,2022-01-13,VIP
630,Allison Long,josephdiaz@example.org,2025-03-21,REGULAR
631,Michael Harvey,ndodson@example.com,2025-06-11,VIP
632,Richard Diaz,stacy66@example.com,2022-11-20,PREMIUM
633,Brian Elliott,anthony64@example.com,2022-11-18,REGULAR
634,Mrs. Kelly Molina MD,andrewromero@example.org,2025-08-15,REGULAR
635,Kevin Galloway,dpaul@example.com,2022-08-14,REGULAR
636,Warren Bailey,smithdavid@example.org,2023-09-28,REGULAR
637,Tammie King,edavis@example.org,2025-11-01,VIP
638,Donna Marsh,simmonsallison@example.com,2025-10-07,REGULAR
639,Adrian Hawkins,joshuawalters@example.com,2024-04-12,REGULAR
640,Mr. Bryan Park DVM,jacquelinerobinson@example.org,2024-07-16,REGULAR
641,Ann Mills,timothy98@example.net,2021-10-07,REGULAR
642,Robert Hunt,thomasrobinson@example.com,2023-05-21,PREMIUM
643,Lori Brown,laurafrench@example.net,2023-06-19,REGULAR
644,Heather Wood,jeremymathis@example.org,2023-06-08,REGULAR
645,Roger Page,dgray@example.com,2024-06-18,PREMIUM
646,Amy Soto,rodriguezbrent@example.net,2024-11-18,VIP
647,Cynthia Cannon,brooksrebecca@example.org,2025-06-24,REGULAR
648,Glen Rush,zjohnson@example.net,2021-11-12,REGULAR
650,Randy Wilson,ashlee18@example.com,2023-10-16,VIP
651,Daniel Mcclure,alexandercosta@example.net,2023-11-20,REGULAR
652,Angelica Taylor,rodriguezcharles@example.org,2025-09-18,REGULAR
653,Ashley Johnson,josephsnyder@example.com,2025-02-12,REGULAR
654,Patrick Stevens,amywilliams@example.org,2023-12-02,PREMIUM
655,Seth Vasquez,melissaortiz@example.com,2024-02-27,REGULAR
656,Cody Jones,anthony92@example.com,2024-03-17,PREMIUM
657,Melissa Friedman,jamescooper@example.net,2025-10-07,REGULAR
658,Mark Weiss,sparks@example.com,2026-03-23,PREMIUM
659,Stephen Garza,maciaskristen@example.net,2023-11-16,PREMIUM
660,Patrick Dominguez,qyoung@example.net,2021-10-29,REGULAR
661,Craig Leach,laurenrobinson@example.net,2024-03-17,REGULAR
662,April Knight,olsonzachary@example.org,2022-06-14,REGULAR
663,Peter Chandler,bryanjames@example.com,2024-01-11,PREMIUM
664,Christopher Smith,alambert@example.net,2021-07-15,REGULAR
665,Brandi Costa,cruiz@example.org,2026-03-03,PREMIUM
666,Amy Johnson,curtis42@example.com,2024-02-18,PREMIUM
667,Jason Armstrong,zolsen@example.org,2025-07-08,VIP
668,Jasmine Rivera,lawsonheather@example.net,2024-04-18,REGULAR
669,Keith Reeves,montgomeryapril@example.org,2022-03-20,REGULAR
670,Rhonda Guzman,bridget55@example.net,2026-06-11,VIP
671,Ricky Daniels,wilsonaaron@example.com,2025-04-07,PREMIUM
672,Lauren George,paulkeith@example.net,2021-07-23,REGULAR
673,Charles Garcia,heidilin@example.net,2026-06-28,PREMIUM
674,Lindsey Jordan,jasonscott@example.com,2023-01-23,REGULAR
675,Jamie Wagner,joannschaefer@example.com,2021-09-12,PREMIUM
676,Tom Michael,amanda19@example.net,2024-12-03,PREMIUM
677,Joseph Santiago,martinmiguel@example.org,2022-05-19,VIP
678,Derek Vazquez,sophia65@example.org,2023-08-02,REGULAR
679,Cynthia Gross,sarah02@example.com,2025-04-28,REGULAR
680,Erica Lopez,adam54@example.com,2024-08-09,REGULAR
682,Johnny Tapia,lmills@example.org,2023-04-09,REGULAR
683,Natasha Smith,ramirezgeorge@example.com,2023-11-30,REGULAR
684,Susan Cochran,duranmark@example.com,2022-05-19,REGULAR
685,Deborah Flores,brandi51@example.com,2022-04-28,REGULAR
686,Robert Ruiz,dustinkim@example.net,2025-10-25,REGULAR
687,Christy Dodson,garciamark@example.net,2023-02-28,REGULAR
688,Gregory Higgins,adam42@example.net,2021-11-24,PREMIUM
689,Taylor Hunter,charlesfranklin@example.com,2023-07-31,REGULAR
690,Erin Ray,guerrerogregory@example.com,2026-01-25,REGULAR
691,Kelsey Daugherty,kgarrison@example.org,2022-09-10,REGULAR
692,Todd Moreno,thomasalec@example.net,2023-05-05,REGULAR
693,Heather Diaz,erika19@example.org,2026-01-03,PREMIUM
694,Leah Klein,moonlogan@example.com,2026-04-20,REGULAR
695,April Lucero,johnstonmichelle@example.org,2023-04-17,REGULAR
696,Julie Stanton,pfox@example.org,2024-11-24,REGULAR
697,Jared Curry,kevintrujillo@example.net,2025-09-01,REGULAR
698,Kelly Stewart,rwebb@example.net,2023-09-08,REGULAR
699,Sylvia Wiggins,orodriguez@example.org,2022-07-31,PREMIUM
700,Whitney Morales,joshuahall@example.com,2025-01-14,REGULAR
701,Allison Dixon,hamiltonchristopher@example.org,2025-01-23,REGULAR
702,Anna Ramirez,joy80@example.com,2024-09-23,REGULAR
703,Debra Mccarty,timothygreen@example.org,2022-05-26,REGULAR
704,Virginia Boyer,uortiz@example.net,2026-01-28,REGULAR
705,Joseph Weaver,andrewadams@example.com,2022-04-12,REGULAR
707,Adam Johnson,nancylong@example.net,2025-01-03,REGULAR
708,Robert Rice,lowebilly@example.org,2025-03-05,REGULAR
709,Brianna Rivera,johnsonlisa@example.org,2023-08-14,REGULAR
710,Michael Ramos,levi89@example.org,2026-05-24,REGULAR
711,Christopher Vargas,vanessa42@example.org,2025-09-25,PREMIUM
712,Jacob Delgado,summer17@example.org,2023-11-02,REGULAR
713,Monica Castillo,christina00@example.org,2024-05-13,REGULAR
714,Jason Kirk,jennifer36@example.net,2024-03-16,REGULAR
715,Tara Meza,kristen01@example.org,2026-06-23,REGULAR
716,Brett Ramirez,nmclaughlin@example.net,2025-09-30,REGULAR
717,William Miller,keith19@example.org,2023-05-22,VIP
718,Michael Douglas,jennifer69@example.com,2021-09-18,REGULAR
719,Malik Gonzalez,emilyharrison@example.com,2025-06-16,PREMIUM
720,Nathan Wilson,donnawashington@example.org,2025-03-11,REGULAR
721,Henry Shaffer,franceswu@example.org,2025-01-05,PREMIUM
722,Michael Curry,tpadilla@example.com,2023-04-23,REGULAR
723,Rachel Smith,christopher15@example.net,2022-06-02,REGULAR
724,Jacqueline Parks,nwright@example.org,2024-01-09,REGULAR
725,Nicole Lee,kevin35@example.net,2021-07-11,REGULAR
726,Alexandra Thompson,tranhector@example.net,2024-09-07,REGULAR
727,Jackson Walker,stephen45@example.org,2022-09-10,REGULAR
728,Nicole Cruz,jameshall@example.org,2024-11-27,REGULAR
729,Tammy Butler,bradleykevin@example.com,2024-10-31,REGULAR
730,Andrew Ford,lindseylaura@example.net,2025-03-10,PREMIUM
731,Edward Gordon,randall97@example.org,2026-02-28,REGULAR
732,Thomas Baker,millershane@example.com,2024-07-02,REGULAR
733,Erika Lucas,nathan15@example.org,2025-01-23,REGULAR
734,Amanda Padilla,justinwagner@example.net,2026-06-18,REGULAR
735,Jillian Young,oliviaingram@example.org,2024-12-05,REGULAR
736,Mr. Gary Gray,tabitha79@example.org,2023-09-15,PREMIUM
737,Stacie Jackson,schaeferashlee@example.org,2023-08-09,REGULAR
738,Martin Schmidt,randygraham@example.com,2023-01-20,PREMIUM
739,Melinda Barber,howardtasha@example.com,2025-11-30,REGULAR
740,Ethan Grant,gwendolynbaker@example.org,2024-05-07,REGULAR
741,Dana Lewis,mmedina@example.com,2025-11-04,REGULAR
742,John Richard,omiller@example.com,2023-12-25,REGULAR
743,Adam Sanders,tayloreric@example.net,2025-10-26,PREMIUM
744,Brooke Gillespie,sonya60@example.com,2023-06-12,REGULAR
745,Michelle Travis,joshuadixon@example.org,2024-07-07,REGULAR
746,Veronica Watson,djohnson@example.org,2022-01-28,REGULAR
747,Deanna Jackson,warekyle@example.org,2023-05-28,REGULAR
748,Patrick Manning,blackcraig@example.net,2023-05-24,VIP
749,Stephanie Woods,choijacob@example.net,2021-07-24,REGULAR
750,Debbie Morales,tina07@example.org,2024-12-01,REGULAR
751,Jose Williams,gtaylor@example.org,2023-02-21,REGULAR
752,Denise Ayala,joefloyd@example.net,2025-11-23,REGULAR
753,Darryl Harrison,jonathan56@example.com,2021-09-17,REGULAR
754,Robert Garcia,bellalexander@example.org,2025-05-17,REGULAR
755,Charles Harris,jeremyramirez@example.org,2024-06-15,REGULAR
756,Debbie Peters,dawn43@example.org,2022-04-17,REGULAR
757,Natalie Reyes,garzaashley@example.com,2021-12-04,PREMIUM
758,Hannah Hall,robertserin@example.net,2023-05-25,REGULAR
759,Elizabeth Hurst,beverly97@example.org,2024-05-03,VIP
760,Matthew Compton MD,velezheidi@example.org,2025-04-20,REGULAR
761,Kimberly Taylor,emartin@example.org,2025-10-18,REGULAR
762,John Brown,karen19@example.org,2021-08-07,VIP
763,Shari Watts,laurachung@example.net,2025-09-05,VIP
764,Darlene Watson,davisshannon@example.org,2025-03-18,REGULAR
765,John Black,pateldavid@example.net,2023-12-21,REGULAR
766,John Armstrong,cynthiawilliams@example.net,2025-07-12,REGULAR
767,Matthew Castillo,nstewart@example.com,2023-10-07,PREMIUM
768,Brian Koch,mark82@example.org,2025-08-23,REGULAR
769,Ronald Monroe,rachaelthompson@example.org,2023-02-11,REGULAR
770,Tanya Anderson,jessica88@example.com,2022-03-31,PREMIUM
771,Andrew Gonzalez,sreyes@example.org,2021-08-19,REGULAR
772,Melissa Lang,andrew99@example.com,2024-01-14,REGULAR
773,Emma Gordon,ikerr@example.org,2025-09-01,VIP
774,Kristin Howell DVM,hamptonmichelle@example.org,2024-08-15,PREMIUM
775,Melissa Pittman,prestongriffith@example.com,2024-04-24,REGULAR
776,Melissa Patterson,jimmygordon@example.com,2023-02-23,REGULAR
777,Mackenzie Perez,jenniferdavis@example.org,2025-12-05,REGULAR
778,Donald Cooper,flowersjose@example.org,2025-09-02,REGULAR
779,Danielle Chavez,kaitlyn36@example.org,2023-05-09,REGULAR
780,Maria Welch,msmith@example.net,2026-01-09,REGULAR
781,Brian Merritt,james77@example.com,2022-12-21,PREMIUM
782,Antonio Melendez,zjohnson@example.net,2023-08-13,REGULAR
783,Justin Ryan,pierceronald@example.net,2026-05-14,REGULAR
784,Melody Chavez,pamelabarnett@example.net,2021-08-25,PREMIUM
785,Brian Miller,cingram@example.org,2024-07-31,REGULAR
786,Angela Griffith,gonzalesjesse@example.org,2026-04-12,REGULAR
787,Travis Watson,rosalessara@example.net,2025-05-10,REGULAR
788,Paul Kennedy,lesliewebb@example.org,2024-01-30,REGULAR
789,Jeremy Martinez,george62@example.org,2023-10-27,REGULAR
790,Kurt Robertson,jeff07@example.org,2022-09-18,VIP
791,Michael Fowler,sdean@example.com,2025-08-10,REGULAR
792,John Oneal,cohendawn@example.org,2021-10-13,REGULAR
793,Chelsea Williams,jamesbarnes@example.org,2022-05-16,REGULAR
794,Andrew Cole,judyturner@example.net,2022-07-17,REGULAR
795,Henry Mendez,tvargas@example.com,2026-05-18,VIP
796,Kenneth Howard,miguelkelley@example.org,2025-09-29,VIP
797,Kevin Stanley,cohensarah@example.com,2022-08-04,PREMIUM
798,Ashley Lee,wallmelissa@example.org,2023-09-02,VIP
799,Emily Thompson,christina53@example.net,2021-07-31,REGULAR
800,Michael Young,vlopez@example.net,2023-08-14,REGULAR
801,William Ellis,emilygaines@example.net,2024-06-22,REGULAR
802,Ashley Barajas,xlevy@example.com,2025-09-01,REGULAR
803,Katelyn Taylor,phelpssarah@example.org,2022-04-23,REGULAR
804,Daniel Dean,samanthacoleman@example.com,2023-12-30,PREMIUM
805,Robert Mcbride,jon36@example.org,2024-12-01,REGULAR
806,Timothy Smith,karlawallace@example.com,2024-03-26,REGULAR
807,Erin Conley,greggpacheco@example.com,2025-05-27,REGULAR
808,Cathy Herrera,edward09@example.com,2024-06-10,REGULAR
809,Robert Martin,mclark@example.org,2024-07-27,REGULAR
810,Timothy Contreras,fgray@example.com,2022-12-24,REGULAR
811,Donald Perry,amandaliu@example.net,2024-03-15,PREMIUM
812,Sabrina Moore,karina80@example.net,2025-11-21,REGULAR
813,Dr. Mitchell Lucas,kenneth13@example.org,2023-12-29,REGULAR
814,Tammy Morrow,garciaann@example.net,2025-11-05,REGULAR
815,Nathan Howard,clarkmarvin@example.com,2023-11-11,VIP
816,Anna Powers,robert32@example.org,2025-12-08,REGULAR
817,Jerry Moses,duartemark@example.com,2023-07-06,VIP
818,Scott Luna,dennisbarry@example.com,2022-12-06,VIP
819,Sarah Williamson,scottmyers@example.net,2024-03-31,REGULAR
820,Amanda Woods,ncopeland@example.com,2022-06-30,VIP
821,Charles Bullock,youngmartin@example.org,2025-01-15,PREMIUM
822,Alejandro Colon,dmclaughlin@example.com,2025-01-02,REGULAR
823,Jennifer Anderson,lsantos@example.net,2022-10-08,REGULAR
824,Erik Johnson,hatfieldcory@example.net,2024-04-16,REGULAR
825,Dennis Villa,jenniferhancock@example.net,2025-11-20,REGULAR
826,Jamie Johnson,wmcclure@example.com,2023-02-16,PREMIUM
827,Ann Hall,rebecca46@example.org,2024-03-11,REGULAR
829,Anthony Bullock,stephaniewest@example.com,2024-01-15,PREMIUM
830,Charles Powers,millerjason@example.com,2023-01-08,REGULAR
831,Nicholas Wiggins,codyking@example.org,2022-02-09,REGULAR
832,Raymond Burnett,ianbenjamin@example.org,2024-03-14,REGULAR
833,Jonathan Diaz,yswanson@example.com,2021-07-19,REGULAR
834,Kim Yu,erinharrison@example.org,2022-03-31,REGULAR
835,Amber Miller,denisewhitaker@example.org,2024-10-25,REGULAR
836,Christopher Gonzalez,gordonmaria@example.com,2021-07-15,VIP
837,Jordan Odom,wroman@example.org,2024-04-22,PREMIUM
838,Holly Santana,ureeves@example.com,2021-08-26,VIP
839,Dana Chase,fcummings@example.com,2025-12-03,REGULAR
840,Bryan Watson,francisco07@example.net,2026-05-20,REGULAR
841,Timothy Carson,katelyn50@example.net,2025-09-22,REGULAR
842,Taylor Best,celliott@example.com,2025-08-07,REGULAR
843,Phyllis Meyer,justin39@example.org,2024-11-03,REGULAR
844,Donald Wolfe,brian34@example.org,2022-08-06,REGULAR
845,Robert Torres,sschultz@example.com,2022-07-26,REGULAR
846,Charles Lynn MD,uburgess@example.org,2025-04-08,PREMIUM
847,Charles Anderson,valerie19@example.com,2025-01-29,REGULAR
848,David Brown,qjohnson@example.org,2024-06-16,REGULAR
849,Matthew Richardson,michael18@example.net,2023-05-02,REGULAR
850,Kimberly Miller,gina14@example.org,2022-01-21,REGULAR
851,Tammy Larsen,jennifer19@example.org,2024-11-11,VIP
852,Thomas Combs,kingmichelle@example.org,2021-07-27,PREMIUM
853,Emily Ray,karenjones@example.org,2025-11-24,REGULAR
855,Kelli Mendoza DDS,tinacarpenter@example.net,2023-08-31,VIP
856,Ashley Lopez,wardpaul@example.org,2024-06-07,REGULAR
857,Brandon Cooper,dfitzgerald@example.com,2025-07-27,REGULAR
858,Brent Yates,schultzamanda@example.net,2023-06-20,PREMIUM
859,Jacob Williams,snowwilliam@example.net,2026-06-13,REGULAR
860,April Adams,tracysmith@example.org,2024-07-08,REGULAR
861,Alyssa Hale,marthafriedman@example.net,2021-11-04,PREMIUM
862,Steve Graves,jgraves@example.org,2026-05-07,REGULAR
863,Crystal Valentine,kevin79@example.com,2026-02-27,REGULAR
864,Felicia Wood,romerosteven@example.com,2026-04-13,REGULAR
865,Kimberly Hobbs,jonesjack@example.org,2023-12-27,REGULAR
866,Jerry Pham,gsellers@example.org,2025-12-27,PREMIUM
867,Jennifer Wang,jonathan92@example.net,2022-08-02,REGULAR
868,Carlos Andersen MD,whitney72@example.org,2023-11-16,VIP
869,Anthony Ford,bryantbeth@example.com,2025-02-13,REGULAR
870,Melissa Harris,dylanhensley@example.net,2024-04-19,REGULAR
871,Olivia Petersen,robert11@example.org,2025-01-21,REGULAR
872,Ryan Hoover,erobinson@example.org,2025-03-02,PREMIUM
873,Charles Kelly,idavidson@example.com,2026-05-08,PREMIUM
874,Mr. Brian Phelps PhD,jennifer86@example.org,2025-06-12,REGULAR
875,Sarah Tucker,vlopez@example.com,2025-11-24,REGULAR
876,Jerome Carter,jacqueline16@example.org,2025-07-29,VIP
877,Martin Stephens,judithsutton@example.net,2021-11-14,PREMIUM
878,Paul Medina Jr.,joseph90@example.net,2025-05-12,REGULAR
879,Carl Kelley,smithkim@example.net,2022-06-04,REGULAR
880,Anthony Oliver,michaelwilson@example.org,2024-04-02,VIP
881,Jacob Coffey,wattsamanda@example.net,2026-01-20,REGULAR
882,Kimberly Lawson,villajohn@example.com,2021-12-30,REGULAR
883,Dr. Victoria Barnett,curtismarshall@example.org,2026-02-27,REGULAR
884,Tracy Gay,curryphilip@example.com,2024-05-09,PREMIUM
885,Elizabeth Sanders,christophergarner@example.org,2023-08-23,REGULAR
886,John Lopez,johndixon@example.com,2023-10-21,REGULAR
887,Christine West,wpage@example.org,2026-06-05,REGULAR
888,David Franklin,knappdaniel@example.net,2024-03-09,REGULAR
889,Kevin Wilson,mackenziewebb@example.org,2021-08-27,REGULAR
890,Cynthia Rivera,nmcclain@example.com,2022-02-23,REGULAR
891,Justin Scott,mthornton@example.org,2025-05-02,PREMIUM
892,Stephen Christensen,mbentley@example.net,2021-08-11,REGULAR
893,Andrew Murphy,markcollins@example.org,2024-04-08,REGULAR
894,Cheryl Scott,zking@example.org,2022-07-09,REGULAR
895,Brandi Key,khanjuan@example.org,2024-08-24,REGULAR
896,Christopher Harris,anthonycunningham@example.org,2026-03-06,REGULAR
897,Emily Carrillo,tevans@example.org,2021-09-02,VIP
898,Jacqueline Strickland,huntjill@example.com,2024-01-03,REGULAR
899,Kevin Johnson,katrina07@example.org,2025-01-01,REGULAR
900,Ashley Walker,ibeard@example.com,2026-04-01,PREMIUM
901,Sharon Choi,lgibson@example.com,2022-08-20,REGULAR
902,Jennifer Hicks,nhenry@example.org,2025-01-19,PREMIUM
903,Angela Fisher,nfrazier@example.com,2026-06-22,REGULAR
904,Traci Davies,averybrett@example.org,2022-11-13,PREMIUM
905,Daniel Arnold,julian39@example.com,2025-09-23,VIP
906,Samantha Harris,catherineolson@example.net,2025-07-30,PREMIUM
907,Justin Smith,caldwellwesley@example.org,2024-02-01,REGULAR
908,Shelby Williams,vasquezkarina@example.com,2023-11-07,PREMIUM
909,Timothy Chavez,clarkrichard@example.net,2021-09-05,PREMIUM
910,Kristina Simon,evalentine@example.com,2025-05-10,REGULAR
911,Dr. Robert Dean,michelle66@example.org,2024-02-13,REGULAR
912,Zoe Pollard MD,deborah16@example.net,2025-10-25,VIP
913,Brandon Donaldson,daviscody@example.com,2022-06-13,REGULAR
914,Jennifer Vasquez,matthew08@example.net,2021-08-25,REGULAR
915,Amy Love,kevinwolf@example.org,2023-07-03,REGULAR
916,Mr. Rickey Lopez III,milleralexandra@example.net,2026-02-06,REGULAR
917,Bianca Odonnell,rebecca00@example.org,2023-03-01,REGULAR
918,Erica Knight,michael24@example.org,2022-03-18,REGULAR
919,Riley Rose,aaronjohnson@example.com,2025-10-29,REGULAR
920,Becky Sampson,davidmartin@example.org,2025-11-20,REGULAR
921,Tracie Harrington,stevensdaniel@example.com,2021-09-20,REGULAR
922,Erica Allen,theresa20@example.net,2021-10-31,REGULAR
923,Lauren Hanson,meyerjessica@example.com,2025-07-30,REGULAR
924,Mr. Charles Spencer,barrgary@example.org,2025-09-15,REGULAR
925,Kurt Wilson,gsmith@example.org,2022-12-01,VIP
926,Stephen Stanley,joshua05@example.org,2022-10-04,VIP
928,Robin Martinez,xbrooks@example.com,2022-06-28,VIP
929,Rhonda Rowe,cmacdonald@example.com,2025-05-16,PREMIUM
931,Justin Baker,garciaapril@example.com,2021-09-15,REGULAR
932,Tony Flores,grahamlisa@example.org,2021-10-20,REGULAR
933,Sarah Romero,brian09@example.com,2023-03-27,VIP
934,Thomas Shelton,tdavis@example.com,2024-09-03,PREMIUM
935,Ashley Flores,erika70@example.com,2024-06-22,REGULAR
936,Chad Lucas,fostermichelle@example.com,2023-04-03,REGULAR
937,Jodi Patrick,gerald70@example.com,2022-05-08,VIP
938,Amanda Gonzalez,amyreyes@example.net,2025-10-09,REGULAR
939,Emily Dodson,mariahenderson@example.com,2025-09-27,REGULAR
940,Mr. Daniel Sosa,stephen77@example.com,2021-10-28,VIP
941,Renee Hodge,uhubbard@example.org,2023-02-06,PREMIUM
942,Pamela Cooper,ascott@example.net,2021-08-09,PREMIUM
943,Patricia Hale,nathanjones@example.org,2024-01-07,REGULAR
944,Austin Garner,woodsarah@example.com,2023-01-17,REGULAR
945,April Graves,zachary86@example.com,2022-12-22,REGULAR
946,Danielle Wright MD,rdavis@example.com,2023-01-24,REGULAR
947,Aaron Barnes,thomastaylor@example.com,2024-07-04,VIP
948,William Holmes,samuelnewton@example.com,2021-10-11,REGULAR
949,Cathy Kelly,boydanna@example.com,2024-11-23,PREMIUM
950,Jennifer Ryan,jason90@example.com,2025-04-26,REGULAR
951,Elizabeth Anderson,roachjoseph@example.net,2026-05-06,REGULAR
952,Mark Miller,vschmidt@example.com,2026-04-08,REGULAR
953,Jennifer Hernandez,jeffreyjefferson@example.org,2023-10-02,REGULAR
954,Andrew Vasquez,bmitchell@example.net,2025-02-04,REGULAR
955,Timothy White,jordandavid@example.com,2025-04-29,REGULAR
956,Tammy Blair,traviscox@example.com,2024-08-10,REGULAR
957,Sean Foster,kaustin@example.com,2022-10-08,REGULAR
958,Paula Guerrero,kevinkelly@example.net,2025-10-04,REGULAR
959,Charles Austin,hgordon@example.org,2021-09-08,PREMIUM
960,Amber Marsh,baileyryan@example.net,2025-02-27,REGULAR
961,Melissa Mcclain,joyce78@example.net,2025-07-24,VIP
962,James Garcia,gjohnson@example.net,2024-10-14,REGULAR
963,Barbara Gallegos,lawrence37@example.net,2021-10-24,REGULAR
964,Phillip Mccann,elizabeth49@example.net,2024-05-01,PREMIUM
965,Jacqueline Burnett,hamiltonmelissa@example.net,2022-12-06,REGULAR
966,Kimberly Nelson,fernando22@example.org,2024-01-18,REGULAR
967,Amber Jensen,gilesjohn@example.com,2024-11-29,REGULAR
968,Diane Blair,khart@example.org,2026-04-12,VIP
969,Kimberly Bailey,timothy91@example.org,2024-07-17,REGULAR
970,Carrie Rivas,cruzdavid@example.org,2024-11-28,REGULAR
971,Mark Ferguson,torrestrevor@example.net,2024-11-17,REGULAR
972,Mrs. Allison Stewart DDS,elizabeth52@example.com,2025-01-01,VIP
973,Brian Myers,jose82@example.net,2025-02-19,PREMIUM
974,Brianna Pace,andrewsmary@example.com,2022-08-31,REGULAR
975,Mark Ramsey,kyle86@example.org,2022-11-21,REGULAR
976,Jesse Lewis,millerdouglas@example.com,2024-04-13,REGULAR
977,Laura Ball,melissa82@example.net,2025-10-25,REGULAR
978,Holly Mcpherson,sarahgarcia@example.net,2022-04-24,PREMIUM
979,Roger Bolton,jenniferjones@example.net,2023-01-25,REGULAR
980,Edward Alvarez,jamesdavid@example.net,2024-06-03,REGULAR
981,Sarah Brown,princesandra@example.net,2023-04-11,PREMIUM
982,Daniel Rose,jason01@example.net,2023-04-07,REGULAR
983,Troy Peters,david69@example.org,2023-02-01,REGULAR
984,Timothy Young,julie53@example.com,2024-09-29,PREMIUM
985,Derrick King,njones@example.net,2025-11-03,REGULAR
986,Timothy Donaldson,andrewsdawn@example.net,2023-04-30,REGULAR
987,Bobby Velez,stevenstroy@example.com,2023-06-09,PREMIUM
988,Sarah Hall,jesse30@example.com,2023-01-23,VIP
989,Cameron Crawford,randy23@example.org,2026-04-08,VIP
990,Matthew Morgan,christina98@example.net,2021-09-12,REGULAR
991,Melanie Lambert,jenniferdavenport@example.com,2024-01-08,PREMIUM
992,John Lopez,gabrielaharris@example.net,2024-06-23,PREMIUM
993,Jonathan Howard,alexjones@example.com,2022-08-13,REGULAR
994,Brian Gregory,salazarkimberly@example.com,2023-03-25,REGULAR
995,Jonathan Kelly,michael82@example.com,2024-04-12,REGULAR
996,Anthony Duffy,jillcarpenter@example.com,2022-10-29,REGULAR
997,Darrell Vargas,spencerlove@example.net,2022-09-07,REGULAR
998,John Mitchell,murphytracey@example.com,2021-07-20,REGULAR
999,Jasmine Henry,gclark@example.net,2025-08-14,REGULAR
1000,Briana Williams,cbrown@example.com,2024-06-27,REGULAR
1001,Alan Callahan,hernandezmichael@example.com,2023-05-22,REGULAR
1002,Julie Murphy,angelafields@example.org,2022-02-14,REGULAR
1003,Shelby Marsh,lhamilton@example.org,2024-01-11,REGULAR
1004,Jessica Goodwin,benjamin60@example.org,2023-05-18,REGULAR
1005,David Bush,karinaschwartz@example.org,2023-06-02,REGULAR
1006,Joseph Strickland,mark09@example.net,2026-05-01,REGULAR
1007,Morgan Webb,rebecca26@example.com,2021-12-07,REGULAR
1008,Juan Johnson,nicolefletcher@example.net,2025-07-10,REGULAR
1009,Scott Willis,obrienbrittany@example.org,2024-04-24,REGULAR
1010,Jamie Weber,tthompson@example.org,2025-03-26,REGULAR
1011,Kathryn Mendoza,xhiggins@example.com,2026-03-06,REGULAR
1012,Kathleen White,mathisanna@example.com,2022-01-16,REGULAR
1013,Mary Stevens,krystalstuart@example.net,2025-06-06,REGULAR
1014,Ian Marshall,michael20@example.net,2022-05-25,REGULAR
1015,Thomas Carlson,danawilliams@example.net,2022-02-01,REGULAR
1016,Cody Spencer,bakergary@example.com,2023-06-24,VIP
1017,James Rogers,nataliewilson@example.org,2026-05-27,VIP
1018,Johnny Wright,johnsonwilliam@example.com,2021-09-03,REGULAR
1019,Calvin Wood,karina14@example.org,2023-04-09,PREMIUM
1020,Samuel Perez,gwendolynperry@example.org,2021-10-19,VIP
1021,Mark Nicholson,lyonskevin@example.net,2024-05-11,PREMIUM
1022,Mr. Anthony Lane,tanyahoffman@example.net,2021-09-23,REGULAR
1023,Catherine Ford,samantha70@example.com,2025-12-01,REGULAR
1024,Eddie Benjamin,michael71@example.org,2026-06-04,REGULAR
1025,Matthew Smith,burnettrachel@example.com,2023-10-05,REGULAR
1026,Maria Thomas,katherine86@example.net,2021-09-28,REGULAR
1027,Morgan Foster,michaelellis@example.net,2024-08-13,PREMIUM
1028,Sandra Jones,brandon70@example.org,2023-12-27,REGULAR
1029,Kenneth Wood,lindsey18@example.com,2024-01-26,REGULAR
1030,Ronald Lynch,kenneth73@example.net,2023-01-09,PREMIUM
1031,Gregory Lopez,joseph94@example.org,2023-08-12,REGULAR
1032,Steven Stone,joshua49@example.org,2024-09-09,REGULAR
1033,Jessica Smith,carolfrank@example.com,2022-05-10,REGULAR
1034,Danielle Franklin,mitchelldavid@example.net,2024-06-07,REGULAR
1035,Tara Rogers,petersoncolin@example.com,2026-06-20,REGULAR
1036,Dakota Alvarez,colejessica@example.com,2026-03-25,VIP
1037,Mr. Christopher Dickerson,hjohnson@example.net,2025-08-03,PREMIUM
1038,Cynthia Sexton,xthompson@example.com,2024-06-24,PREMIUM
1039,Barbara Scott,krowe@example.com,2025-12-20,REGULAR
1040,Mark Montgomery,jorge38@example.org,2024-05-30,REGULAR
1041,Bryan Hoffman,jjones@example.net,2021-11-21,REGULAR
1042,Catherine Larsen,jenniferreese@example.com,2021-12-29,PREMIUM
1043,Shawn Bright,corey80@example.net,2023-09-04,VIP
1044,John Bass,prichardson@example.org,2026-04-06,PREMIUM
1045,Jerry Hawkins,thomasburns@example.com,2026-03-18,PREMIUM
1046,Tammy Williams,toddhuang@example.net,2022-10-23,REGULAR
1047,Gerald Webb,dbrady@example.com,2025-04-05,REGULAR
1048,Erin Smith,jessica63@example.com,2023-06-29,REGULAR
1049,Micheal Walters Jr.,hernandezjustin@example.net,2026-04-30,REGULAR
1050,Jessica Neal,danielle58@example.com,2025-11-23,REGULAR
1051,William Martin,njohnson@example.org,2023-06-02,VIP
1052,Kimberly Austin,emily37@example.net,2024-04-04,REGULAR
1053,Brenda Romero,kristinjones@example.org,2023-05-10,REGULAR
1055,Austin Ho,ewelch@example.com,2024-12-26,REGULAR
1056,Stephen Harris,smithjames@example.org,2023-05-29,REGULAR
1057,Marcus Harris,oevans@example.net,2022-02-02,VIP
1058,Nicole Vargas,ian58@example.com,2025-03-16,REGULAR
1059,Kathleen Miller,janderson@example.org,2023-08-21,REGULAR
1060,Barbara Gonzalez,amandafuller@example.net,2022-05-25,PREMIUM
1061,Kellie Williams,villamichael@example.com,2025-05-27,REGULAR
1062,Gary Shaw,hayesscott@example.org,2025-08-19,REGULAR
1063,Penny Wilcox,rodneyhill@example.org,2023-12-26,VIP
1064,Gary Jackson,schneiderkelly@example.com,2025-06-29,REGULAR
1065,Christine Leonard,harrybarr@example.net,2024-12-26,REGULAR
1066,Samantha Garcia,potterglenn@example.net,2026-01-15,PREMIUM
1067,Katrina Caldwell,hannahwarren@example.net,2024-12-05,REGULAR
1068,Robert Gonzalez,scottamy@example.com,2025-06-02,REGULAR
1070,Jordan Smith,josephshannon@example.org,2021-10-19,REGULAR
1071,Kimberly Jensen,clarkdaniel@example.com,2023-02-24,VIP
1072,Mathew Fisher,susancervantes@example.net,2026-01-23,PREMIUM
1073,Timothy Miller,fishertroy@example.com,2024-05-06,REGULAR
1074,Jordan Morris,cjones@example.com,2025-04-28,REGULAR
1075,William Castillo,alexandergates@example.com,2022-03-03,REGULAR
1076,Melinda Nunez,cruzdavid@example.com,2023-03-05,REGULAR
1077,Eric Thornton,reynoldsjenna@example.org,2022-06-16,REGULAR
1078,Sara Morris,thomas32@example.net,2024-10-06,REGULAR
1079,Tiffany Brennan,anna27@example.com,2023-11-08,REGULAR
1080,Danielle Rose,hbryan@example.com,2021-08-20,REGULAR
1081,Paula Campbell,heatherblackwell@example.net,2024-11-03,PREMIUM
1082,Angela Erickson,lisa34@example.org,2022-09-20,REGULAR
1083,Kayla Boone,scott83@example.org,2024-09-17,REGULAR
1084,Jeffrey Mccarthy,pchandler@example.net,2024-03-30,REGULAR
1085,Jeffrey Pope,shawn14@example.com,2026-06-03,REGULAR
1086,Kim Weaver,bmartinez@example.org,2025-12-03,PREMIUM
1087,James Mcneil,scottlisa@example.com,2022-11-22,REGULAR
1088,Claudia Lane,christine94@example.net,2025-01-08,REGULAR
1089,Michael Fisher,qhughes@example.org,2023-03-30,REGULAR
1090,Gabriel Jenkins,fletcherjesse@example.org,2025-10-25,REGULAR
1091,Debra Brennan,davisjessica@example.org,2023-07-04,REGULAR
1092,Natalie Torres,ryanthornton@example.com,2025-10-02,REGULAR
1093,David Hurley,jacksonmeagan@example.com,2021-11-05,PREMIUM
1094,Debbie Luna,fullerkara@example.org,2025-11-11,REGULAR
1095,Mark Bowman DDS,wharris@example.com,2023-09-29,REGULAR
1096,Margaret Williams,michellejohnson@example.net,2024-10-24,REGULAR
1097,Rita Harrell,andrewlogan@example.net,2023-03-26,PREMIUM
1098,Stanley Davis,susan40@example.org,2024-09-29,REGULAR
1099,Shane Yoder,joel79@example.org,2022-04-16,REGULAR
1100,Deborah Diaz,kingmichael@example.net,2023-12-24,PREMIUM
1101,Larry Aguilar,haley39@example.net,2024-01-07,REGULAR
1102,Frank Wells,jessica40@example.com,2024-05-09,REGULAR
1103,Francisco Reeves,brian22@example.org,2021-12-11,REGULAR
1104,Wendy Estes,mosssean@example.org,2025-02-20,REGULAR
1105,Sarah Murphy,dbishop@example.org,2021-10-07,REGULAR
1106,Dawn Johnson,francisco44@example.com,2024-10-28,REGULAR
1107,Roger Clark MD,tyler16@example.net,2024-11-30,REGULAR
1108,Lisa Perez,erikarivera@example.org,2023-08-27,REGULAR
1109,Ryan Buchanan,danielnoah@example.net,2022-12-04,PREMIUM
1111,Hunter Small,williamroberts@example.com,2025-01-25,VIP
1112,Stacey Romero,perezeugene@example.net,2022-10-20,VIP
1113,Tracy May,royferguson@example.org,2022-06-24,REGULAR
1114,Gabriella Buchanan,alexanderjanet@example.com,2022-01-20,REGULAR
1115,Alicia Ross,amycarter@example.com,2026-02-09,REGULAR
1116,Ruben Anderson,eric22@example.com,2026-06-14,REGULAR
1117,Philip Chavez,lutznicole@example.org,2024-04-10,REGULAR
1118,Alexander Salinas,sbrown@example.net,2023-12-19,REGULAR
1119,Dustin Moore,elizabeth97@example.net,2021-12-07,REGULAR
1120,Michael Bradford,ulindsey@example.com,2022-07-23,REGULAR
1121,Monica Johnson,kevin32@example.net,2022-03-05,REGULAR
1122,Devon Palmer,campbellmartha@example.com,2026-05-16,REGULAR
1123,Monica King,jenkinspaul@example.net,2024-03-02,PREMIUM
1124,Gloria Brooks,michaelgeorge@example.org,2025-05-19,REGULAR
1125,Sara Zavala,cchavez@example.org,2026-04-13,PREMIUM
1126,Aaron Watts,fmiller@example.org,2022-03-09,REGULAR
1127,Elizabeth Strickland,bryan93@example.net,2026-04-19,VIP
1128,Kelly Davies,ericabenson@example.net,2024-05-15,REGULAR
1129,Roger Knapp,wangjason@example.com,2025-05-26,VIP
1130,Justin Mccoy,lori26@example.com,2023-02-08,REGULAR
1131,Jimmy Roberts,manuelbullock@example.com,2024-01-08,REGULAR
1132,Jeffrey Robinson,willisteresa@example.com,2024-07-07,REGULAR
1133,Christine Diaz,amy01@example.org,2025-04-26,REGULAR
1134,Emily Allen,wrightsteven@example.com,2025-10-03,REGULAR
1135,Mrs. Heather Jackson,nielsenkaitlin@example.net,2023-09-18,REGULAR
1136,Mary Oneal,richard97@example.com,2025-04-11,REGULAR
1137,Malik Ferguson,vmooney@example.net,2025-02-09,REGULAR
1138,Tyler Caldwell,sherry33@example.org,2022-08-25,REGULAR
1139,Chad Collins,joekelly@example.com,2024-11-12,REGULAR
1140,Sarah Boyd,joshuabright@example.com,2022-05-07,PREMIUM
1141,John Kirby,kbennett@example.net,2025-12-18,REGULAR
1142,Juan Gutierrez,calebcampbell@example.org,2022-02-13,REGULAR
1143,Michelle Ortiz,boyerashley@example.net,2023-10-26,PREMIUM
1144,Abigail Ruiz,laura54@example.org,2025-06-11,REGULAR
1145,Kerri Barker,andrew27@example.net,2021-11-18,REGULAR
1146,Randy Williams,james59@example.com,2025-04-22,REGULAR
1147,Heather Woodward,leahadams@example.org,2022-07-09,REGULAR
1148,Ashley Jensen,amanda46@example.net,2026-01-06,PREMIUM
1149,Daniel Williams,anna04@example.net,2024-07-13,PREMIUM
1150,Ariel Vasquez,vmoore@example.net,2023-11-19,REGULAR
1151,Katherine Grant,susan64@example.net,2021-09-16,PREMIUM
1152,Rick Evans,gkelly@example.net,2024-04-12,REGULAR
1153,Jason Rivera,phillipsjennifer@example.org,2022-02-11,REGULAR
1154,Kenneth Garcia,bsmith@example.org,2023-10-08,REGULAR
1155,Denise Sexton,rhernandez@example.net,2024-02-11,PREMIUM
1156,Beth Hill,zsmith@example.net,2022-05-01,REGULAR
1158,Debra Smith,lkeller@example.org,2024-01-17,REGULAR
1159,Dr. Alexa Brennan MD,jennifercannon@example.org,2024-08-20,REGULAR
1160,Victor Erickson,anthonyhayes@example.net,2022-03-18,REGULAR
1161,Vincent Mccoy,cynthiadavis@example.com,2023-02-27,REGULAR
1162,Thomas Davis,xmurphy@example.net,2026-03-26,VIP
1163,Katrina Williams,whitneyflores@example.com,2022-11-12,REGULAR
1164,Carla Hunt,brownedwin@example.com,2023-11-08,REGULAR
1165,Scott Lane,georgefowler@example.org,2026-03-30,PREMIUM
1166,Andrea Kaiser,millermichael@example.org,2024-08-20,REGULAR
1167,Arthur Wood,fjohnson@example.net,2026-01-12,REGULAR
1168,Jennifer Moore,andrew34@example.net,2022-01-06,REGULAR
1169,Erica Howard,xtaylor@example.com,2023-10-13,REGULAR
1170,Amanda Smith,kenneth25@example.net,2024-03-10,REGULAR
1171,Julie Rodriguez,ralph31@example.net,2024-12-17,REGULAR
1172,Megan Johnson,richardsonmichael@example.net,2026-01-05,REGULAR
1173,Mary Garrett,beth67@example.net,2026-05-30,VIP
1174,Amy Davis,johnthomas@example.net,2022-08-03,REGULAR
1175,Victor Ward,xpratt@example.net,2023-08-09,REGULAR
1176,Keith Lee,max50@example.org,2026-04-09,REGULAR
1177,Philip Mclean,angelamurray@example.org,2022-02-16,REGULAR
1178,Thomas Ward,yhenderson@example.com,2022-03-10,REGULAR
1179,Whitney Murphy,zwilliams@example.net,2022-09-01,PREMIUM
1180,Brandy Wagner,hgrimes@example.net,2023-02-25,REGULAR
1181,Susan Mendez,heather13@example.net,2025-03-25,REGULAR
1182,Juan Copeland,brownmichael@example.net,2022-06-28,REGULAR
1183,Jenny Porter,sandersjacqueline@example.net,2024-08-01,PREMIUM
1184,Catherine Martin,bjensen@example.com,2026-02-28,PREMIUM
1185,Nathaniel Turner,kpena@example.net,2025-03-10,REGULAR
1186,Nancy Duffy,njohnson@example.net,2024-11-14,REGULAR
1187,Nicole Warren,wward@example.org,2021-07-12,REGULAR
1188,Kathy Irwin,marywood@example.com,2023-10-23,REGULAR
1189,Jennifer Williams,zreed@example.net,2025-09-10,REGULAR
1190,Courtney Hunter,kristinbooth@example.net,2024-09-20,REGULAR
1191,Christina Smith,cdalton@example.com,2023-06-18,REGULAR
1192,Anthony Martinez,taylor26@example.com,2022-03-08,PREMIUM
1193,Keith Hinton,jennifergonzalez@example.org,2025-12-23,REGULAR
1194,James Lucas,msullivan@example.net,2022-01-16,REGULAR
1195,Alyssa Cole,megan23@example.org,2022-01-14,REGULAR
1196,Steven Harper Jr.,dlewis@example.org,2024-03-16,REGULAR
1197,Julie Browning,williambean@example.org,2023-10-31,REGULAR
1198,William Perez,judy14@example.org,2026-06-05,REGULAR
1199,Cynthia Orozco,brandonking@example.org,2022-12-05,REGULAR
1200,Ryan Henson,aprildavis@example.org,2022-08-04,VIP
